<document>
    <header title="Syntaxe XML">
        <author>Fornes Leo</author>
        <date>2024-01-01</date>
    </header>
    <body>
        <paragraph>This document is a simple example of the XML syntax.</paragraph>
        <paragraph>Every syntax element is displayed in this document.</paragraph>
        <section title="header 1">
            <paragraph>This is a basic paragraph with text.</paragraph>
            <paragraph>This is a paragraph with <bold>bold</bold>, <italic>italic</italic> and <code>code</code> text.</paragraph>
            <section title="header 2">
                <codeblock>
                    <paragraph>This is a code block.</paragraph>
                </codeblock>
                <list>
                    <paragraph>list item 1</paragraph>
                    <paragraph>list item 2</paragraph>
                    <paragraph>list item 3</paragraph>
                </list>
                <paragraph>This is a paragraph with a <link url="https://www.youtube.com/watch?v=dQw4w9WgXcQ&ab_channel=RickAstley">link</link>.</paragraph>
                <paragraph>This is a paragraph with an image<image url="https://cdn-images-1.medium.com/max/697/1*tsHrUKwQXG1YZX0l957ISw.png">Text to replace image</image>.</paragraph>
                <section title="">
                    <section title="header 4">
                        <paragraph>Every syntax element can be use separately or combined.</paragraph>
                        <paragraph>Think about the different possible combinations.</paragraph>
                        <paragraph>All combined syntax elements aren't displayed in this document.</paragraph>
                    </section>
                </section>
            </section>
        </section>
    </body>
</document>